ID_Venta;Fecha;Hora;Tienda;ID_Producto;Categoria_Producto;Producto;Cantidad;Precio_Unitario;Total;Costo_Total;Margen;Margen_%;Metodo_Pago;Estado
1002;07-06-2024;18:15;Sucursal C;210;Panaderia;Donas Variadas;7;1200;8400;3500;4900;58,33;Tarjeta;Completada
1003;29-02-2024;20:11;Sucursal B;201;Lacteos;Leche Entera;1;1500;1500;800;700;46,67;Tarjeta;Completada
1004;09-01-2024;9:19;Sucursal C;209;Bebidas;Te Premium;19;4000;76000;38000;38000;50;Transferencia;Completada
1005;31-05-2024;14:35;Sucursal C;204;Lacteos;Yogurt Natural;49;3000;147000;73500;73500;50;Transferencia;Completada
1006;21-04-2024;19:17;Sucursal C;209;Bebidas;Te Premium;25;4000;100000;50000;50000;50;Efectivo;Completada
1007;23-02-2024;10:32;Sucursal E;203;Bebidas;Jugo Naranja;41;2000;82000;36900;45100;55;Efectivo;Completada
1008;17-02-2024;7:47;Sucursal C;204;Lacteos;Yogurt Natural;17;3000;51000;25500;25500;50;Efectivo;Completada
1009;28-04-2024;17:26;Sucursal E;206;Lacteos;Queso Fresco;8;4500;36000;20000;16000;44,44;Tarjeta;Completada
1010;28-01-2024;9:03;Sucursal E;201;Lacteos;Leche Entera;48;1500;72000;38400;33600;46,67;Efectivo;Completada
1011;17-01-2024;11:23;Sucursal C;205;Panaderia;Croissant Chocolate;41;1800;73800;28700;45100;61,11;Efectivo;Completada
1012;04-04-2024;10:20;Sucursal D;203;Bebidas;Jugo Naranja;33;2000;66000;29700;36300;55;Efectivo;Completada
1013;07-03-2024;21:53;Sucursal A;202;Panaderia;Pan Integral;42;2500;105000;50400;54600;52;Tarjeta;Completada
1014;24-01-2024;16:01;Sucursal B;202;Panaderia;Pan Integral;27;2500;67500;32400;35100;52;Efectivo;Completada
1015;16-05-2024;13:25;Sucursal E;206;Lacteos;Queso Fresco;42;4500;189000;105000;84000;44,44;Tarjeta;Completada
1016;13-01-2024;19:19;Sucursal A;210;Panaderia;Donas Variadas;36;1200;43200;18000;25200;58,33;Tarjeta;Completada
1017;23-05-2024;8:31;Sucursal D;203;Bebidas;Jugo Naranja;34;2000;68000;30600;37400;55;Tarjeta;Completada
1018;01-06-2024;16:57;Sucursal E;210;Panaderia;Donas Variadas;22;1200;26400;11000;15400;58,33;Efectivo;Completada
1019;10-03-2024;7:07;Sucursal C;206;Lacteos;Queso Fresco;37;4500;166500;92500;74000;44,44;Tarjeta;Completada
1020;05-01-2024;19:31;Sucursal D;207;Bebidas;Cafe Molido;6;5500;33000;18000;15000;45,45;Tarjeta;Completada
1021;24-02-2024;19:49;Sucursal D;208;Lacteos;Mantequilla;16;3500;56000;28800;27200;48,57;Tarjeta;Completada
1022;24-05-2024;16:54;Sucursal C;208;Lacteos;Mantequilla;28;3500;98000;50400;47600;48,57;Efectivo;Completada
1023;02-03-2024;11:00;Sucursal A;207;Bebidas;Cafe Molido;12;5500;66000;36000;30000;45,45;Efectivo;Completada
1024;03-02-2024;19:52;Sucursal A;206;Lacteos;Queso Fresco;40;4500;180000;100000;80000;44,44;Tarjeta;Completada
1025;09-03-2024;18:25;Sucursal E;206;Lacteos;Queso Fresco;3;4500;13500;7500;6000;44,44;Efectivo;Completada
1026;29-01-2024;20:51;Sucursal A;205;Panaderia;Croissant Chocolate;30;1800;54000;21000;33000;61,11;Efectivo;Completada
1027;24-06-2024;20:29;Sucursal D;205;Panaderia;Croissant Chocolate;33;1800;59400;23100;36300;61,11;Tarjeta;Completada
1028;09-03-2024;16:57;Sucursal B;204;Lacteos;Yogurt Natural;31;3000;93000;46500;46500;50;Transferencia;Completada
1029;09-03-2024;18:31;Sucursal B;204;Lacteos;Yogurt Natural;49;3000;147000;73500;73500;50;Transferencia;Completada
1030;26-06-2024;7:50;Sucursal D;203;Bebidas;Jugo Naranja;33;2000;66000;29700;36300;55;Tarjeta;Completada
1031;05-03-2024;18:28;Sucursal B;201;Lacteos;Leche Entera;43;1500;64500;34400;30100;46,67;Efectivo;Completada
1032;09-05-2024;13:16;Sucursal B;203;Bebidas;Jugo Naranja;35;2000;70000;31500;38500;55;Tarjeta;Completada
1033;30-03-2024;13:03;Sucursal C;202;Panaderia;Pan Integral;41;2500;102500;49200;53300;52;Tarjeta;Completada
1034;15-03-2024;11:56;Sucursal D;208;Lacteos;Mantequilla;25;3500;87500;45000;42500;48,57;Tarjeta;Completada
1035;31-05-2024;10:17;Sucursal A;203;Bebidas;Jugo Naranja;35;2000;70000;31500;38500;55;Efectivo;Completada
1036;30-05-2024;13:12;Sucursal D;205;Panaderia;Croissant Chocolate;49;1800;88200;34300;53900;61,11;Tarjeta;Completada
1037;30-01-2024;15:21;Sucursal A;201;Lacteos;Leche Entera;20;1500;30000;16000;14000;46,67;Efectivo;Completada
1038;09-04-2024;15:06;Sucursal C;209;Bebidas;Te Premium;12;4000;48000;24000;24000;50;Transferencia;Completada
1039;21-02-2024;11:04;Sucursal B;203;Bebidas;Jugo Naranja;47;2000;94000;42300;51700;55;Efectivo;Completada
1040;02-05-2024;15:38;Sucursal D;205;Panaderia;Croissant Chocolate;23;1800;41400;16100;25300;61,11;Efectivo;Completada
1041;15-06-2024;13:28;Sucursal E;210;Panaderia;Donas Variadas;35;1200;42000;17500;24500;58,33;Efectivo;Completada
1042;16-03-2024;7:37;Sucursal B;209;Bebidas;Te Premium;44;4000;176000;88000;88000;50;Efectivo;Completada
1043;18-06-2024;16:01;Sucursal B;209;Bebidas;Te Premium;27;4000;108000;54000;54000;50;Efectivo;Completada
1044;23-03-2024;12:51;Sucursal E;208;Lacteos;Mantequilla;1;3500;3500;1800;1700;48,57;Efectivo;Completada
1045;14-02-2024;18:30;Sucursal D;204;Lacteos;Yogurt Natural;6;3000;18000;9000;9000;50;Tarjeta;Completada
1046;15-06-2024;13:02;Sucursal B;210;Panaderia;Donas Variadas;19;1200;22800;9500;13300;58,33;Efectivo;Completada
1047;05-05-2024;14:40;Sucursal D;210;Panaderia;Donas Variadas;28;1200;33600;14000;19600;58,33;Tarjeta;Completada
1048;01-04-2024;15:55;Sucursal D;209;Bebidas;Te Premium;49;4000;196000;98000;98000;50;Tarjeta;Completada
1049;27-02-2024;18:36;Sucursal E;205;Panaderia;Croissant Chocolate;11;1800;19800;7700;12100;61,11;Efectivo;Completada
1050;25-05-2024;21:30;Sucursal A;209;Bebidas;Te Premium;14;4000;56000;28000;28000;50;Transferencia;Completada
1051;03-01-2024;18:09;Sucursal A;207;Bebidas;Cafe Molido;11;5500;60500;33000;27500;45,45;Transferencia;Completada
1052;31-05-2024;10:25;Sucursal B;205;Panaderia;Croissant Chocolate;28;1800;50400;19600;30800;61,11;Efectivo;Completada
1053;28-01-2024;17:53;Sucursal A;205;Panaderia;Croissant Chocolate;36;1800;64800;25200;39600;61,11;Efectivo;Completada
1054;05-06-2024;8:50;Sucursal E;203;Bebidas;Jugo Naranja;6;2000;12000;5400;6600;55;Tarjeta;Completada
1055;10-01-2024;11:54;Sucursal B;208;Lacteos;Mantequilla;45;3500;157500;81000;76500;48,57;Tarjeta;Completada
1056;25-05-2024;16:24;Sucursal C;201;Lacteos;Leche Entera;21;1500;31500;16800;14700;46,67;Transferencia;Completada
1057;09-06-2024;21:00;Sucursal A;202;Panaderia;Pan Integral;35;2500;87500;42000;45500;52;Efectivo;Completada
1058;04-04-2024;11:52;Sucursal C;205;Panaderia;Croissant Chocolate;23;1800;41400;16100;25300;61,11;Transferencia;Completada
1059;24-05-2024;7:50;Sucursal A;205;Panaderia;Croissant Chocolate;46;1800;82800;32200;50600;61,11;Efectivo;Completada
1060;22-04-2024;21:07;Sucursal B;208;Lacteos;Mantequilla;28;3500;98000;50400;47600;48,57;Efectivo;Completada
1061;27-04-2024;7:53;Sucursal C;203;Bebidas;Jugo Naranja;12;2000;24000;10800;13200;55;Transferencia;Completada
1062;26-02-2024;20:01;Sucursal E;201;Lacteos;Leche Entera;21;1500;31500;16800;14700;46,67;Tarjeta;Completada
1063;07-02-2024;20:14;Sucursal B;202;Panaderia;Pan Integral;18;2500;45000;21600;23400;52;Tarjeta;Completada
1064;21-02-2024;21:59;Sucursal A;209;Bebidas;Te Premium;24;4000;96000;48000;48000;50;Efectivo;Completada
1065;21-03-2024;16:55;Sucursal E;205;Panaderia;Croissant Chocolate;4;1800;7200;2800;4400;61,11;Tarjeta;Completada
1066;24-03-2024;12:52;Sucursal E;208;Lacteos;Mantequilla;34;3500;119000;61200;57800;48,57;Efectivo;Completada
1067;12-02-2024;13:15;Sucursal A;203;Bebidas;Jugo Naranja;23;2000;46000;20700;25300;55;Efectivo;Completada
1068;08-01-2024;9:31;Sucursal D;204;Lacteos;Yogurt Natural;25;3000;75000;37500;37500;50;Tarjeta;Completada
1069;26-06-2024;11:04;Sucursal C;210;Panaderia;Donas Variadas;19;1200;22800;9500;13300;58,33;Efectivo;Completada
1070;22-01-2024;15:11;Sucursal A;205;Panaderia;Croissant Chocolate;5;1800;9000;3500;5500;61,11;Efectivo;Completada
1071;18-03-2024;15:25;Sucursal E;210;Panaderia;Donas Variadas;27;1200;32400;13500;18900;58,33;Tarjeta;Completada
1072;25-02-2024;7:07;Sucursal B;201;Lacteos;Leche Entera;36;1500;54000;28800;25200;46,67;Tarjeta;Completada
1073;16-02-2024;13:13;Sucursal B;208;Lacteos;Mantequilla;28;3500;98000;50400;47600;48,57;Tarjeta;Completada
1074;14-01-2024;9:46;Sucursal C;208;Lacteos;Mantequilla;7;3500;24500;12600;11900;48,57;Tarjeta;Completada
1075;18-01-2024;15:54;Sucursal C;210;Panaderia;Donas Variadas;15;1200;18000;7500;10500;58,33;Efectivo;Completada
1076;17-01-2024;15:16;Sucursal B;207;Bebidas;Cafe Molido;44;5500;242000;132000;110000;45,45;Efectivo;Completada
1077;17-05-2024;8:46;Sucursal A;203;Bebidas;Jugo Naranja;45;2000;90000;40500;49500;55;Tarjeta;Completada
1078;20-04-2024;9:41;Sucursal A;208;Lacteos;Mantequilla;44;3500;154000;79200;74800;48,57;Efectivo;Completada
1079;26-01-2024;12:36;Sucursal C;202;Panaderia;Pan Integral;45;2500;112500;54000;58500;52;Transferencia;Completada
1080;21-01-2024;17:29;Sucursal D;206;Lacteos;Queso Fresco;30;4500;135000;75000;60000;44,44;Efectivo;Completada
1081;10-05-2024;14:30;Sucursal E;203;Bebidas;Jugo Naranja;36;2000;72000;32400;39600;55;Transferencia;Completada
1082;15-03-2024;14:37;Sucursal A;204;Lacteos;Yogurt Natural;30;3000;90000;45000;45000;50;Tarjeta;Completada
1083;19-03-2024;18:04;Sucursal B;208;Lacteos;Mantequilla;45;3500;157500;81000;76500;48,57;Efectivo;Completada
1084;19-01-2024;7:11;Sucursal A;204;Lacteos;Yogurt Natural;20;3000;60000;30000;30000;50;Efectivo;Completada
1085;04-03-2024;21:35;Sucursal E;206;Lacteos;Queso Fresco;11;4500;49500;27500;22000;44,44;Efectivo;Completada
1086;13-05-2024;13:09;Sucursal B;202;Panaderia;Pan Integral;5;2500;12500;6000;6500;52;Transferencia;Completada
1087;09-05-2024;15:16;Sucursal A;204;Lacteos;Yogurt Natural;37;3000;111000;55500;55500;50;Efectivo;Completada
1088;07-02-2024;21:48;Sucursal C;207;Bebidas;Cafe Molido;30;5500;165000;90000;75000;45,45;Transferencia;Completada
1089;26-06-2024;8:11;Sucursal C;205;Panaderia;Croissant Chocolate;9;1800;16200;6300;9900;61,11;Efectivo;Completada
1090;04-03-2024;14:10;Sucursal D;206;Lacteos;Queso Fresco;29;4500;130500;72500;58000;44,44;Tarjeta;Completada
1091;30-01-2024;11:18;Sucursal E;203;Bebidas;Jugo Naranja;37;2000;74000;33300;40700;55;Tarjeta;Completada
1092;11-05-2024;15:17;Sucursal E;209;Bebidas;Te Premium;42;4000;168000;84000;84000;50;Tarjeta;Completada
1093;14-01-2024;7:22;Sucursal E;203;Bebidas;Jugo Naranja;38;2000;76000;34200;41800;55;Tarjeta;Completada
1094;24-05-2024;11:39;Sucursal B;201;Lacteos;Leche Entera;14;1500;21000;11200;9800;46,67;Efectivo;Completada
1095;13-05-2024;16:51;Sucursal C;203;Bebidas;Jugo Naranja;8;2000;16000;7200;8800;55;Tarjeta;Completada
1096;03-06-2024;15:32;Sucursal E;204;Lacteos;Yogurt Natural;38;3000;114000;57000;57000;50;Tarjeta;Completada
1097;02-02-2024;11:58;Sucursal B;204;Lacteos;Yogurt Natural;10;3000;30000;15000;15000;50;Tarjeta;Completada
1098;20-05-2024;10:55;Sucursal E;204;Lacteos;Yogurt Natural;24;3000;72000;36000;36000;50;Tarjeta;Completada
1099;05-06-2024;8:26;Sucursal D;204;Lacteos;Yogurt Natural;45;3000;135000;67500;67500;50;Tarjeta;Completada
1100;05-02-2024;11:19;Sucursal C;210;Panaderia;Donas Variadas;27;1200;32400;13500;18900;58,33;Efectivo;Completada
1101;07-02-2024;17:11;Sucursal B;206;Lacteos;Queso Fresco;46;4500;207000;115000;92000;44,44;Transferencia;Completada
1102;20-04-2024;18:43;Sucursal D;208;Lacteos;Mantequilla;43;3500;150500;77400;73100;48,57;Tarjeta;Completada
1103;29-04-2024;18:30;Sucursal B;205;Panaderia;Croissant Chocolate;49;1800;88200;34300;53900;61,11;Tarjeta;Completada
1104;29-01-2024;17:22;Sucursal A;208;Lacteos;Mantequilla;22;3500;77000;39600;37400;48,57;Efectivo;Completada
1105;30-03-2024;21:53;Sucursal A;204;Lacteos;Yogurt Natural;1;3000;3000;1500;1500;50;Tarjeta;Completada
1106;28-05-2024;16:51;Sucursal E;209;Bebidas;Te Premium;9;4000;36000;18000;18000;50;Tarjeta;Completada
1107;04-02-2024;17:37;Sucursal A;204;Lacteos;Yogurt Natural;26;3000;78000;39000;39000;50;Efectivo;Completada
1108;10-06-2024;17:50;Sucursal C;201;Lacteos;Leche Entera;44;1500;66000;35200;30800;46,67;Efectivo;Completada
1109;28-06-2024;7:48;Sucursal E;206;Lacteos;Queso Fresco;24;4500;108000;60000;48000;44,44;Tarjeta;Completada
1110;02-06-2024;13:16;Sucursal E;202;Panaderia;Pan Integral;49;2500;122500;58800;63700;52;Transferencia;Completada
1111;27-04-2024;7:06;Sucursal D;206;Lacteos;Queso Fresco;40;4500;180000;100000;80000;44,44;Tarjeta;Completada
1112;27-06-2024;20:28;Sucursal C;208;Lacteos;Mantequilla;32;3500;112000;57600;54400;48,57;Tarjeta;Completada
1113;23-05-2024;7:13;Sucursal C;208;Lacteos;Mantequilla;18;3500;63000;32400;30600;48,57;Tarjeta;Completada
1114;22-04-2024;7:07;Sucursal C;202;Panaderia;Pan Integral;4;2500;10000;4800;5200;52;Transferencia;Completada
1115;01-02-2024;20:33;Sucursal B;210;Panaderia;Donas Variadas;19;1200;22800;9500;13300;58,33;Tarjeta;Completada
1116;01-02-2024;7:56;Sucursal E;202;Panaderia;Pan Integral;8;2500;20000;9600;10400;52;Efectivo;Completada
1117;12-03-2024;11:02;Sucursal A;206;Lacteos;Queso Fresco;47;4500;211500;117500;94000;44,44;Transferencia;Completada
1118;08-01-2024;14:13;Sucursal C;202;Panaderia;Pan Integral;32;2500;80000;38400;41600;52;Tarjeta;Completada
1119;23-05-2024;12:20;Sucursal D;204;Lacteos;Yogurt Natural;37;3000;111000;55500;55500;50;Tarjeta;Completada
1120;07-01-2024;11:18;Sucursal A;210;Panaderia;Donas Variadas;23;1200;27600;11500;16100;58,33;Efectivo;Completada
1121;29-01-2024;21:04;Sucursal B;202;Panaderia;Pan Integral;1;2500;2500;1200;1300;52;Efectivo;Completada
1122;09-05-2024;11:36;Sucursal D;203;Bebidas;Jugo Naranja;20;2000;40000;18000;22000;55;Tarjeta;Completada
1123;22-02-2024;18:23;Sucursal D;203;Bebidas;Jugo Naranja;22;2000;44000;19800;24200;55;Efectivo;Completada
1124;28-02-2024;20:08;Sucursal A;207;Bebidas;Cafe Molido;17;5500;93500;51000;42500;45,45;Tarjeta;Completada
1125;12-04-2024;10:25;Sucursal C;209;Bebidas;Te Premium;46;4000;184000;92000;92000;50;Tarjeta;Completada
1126;06-02-2024;16:35;Sucursal B;206;Lacteos;Queso Fresco;21;4500;94500;52500;42000;44,44;Tarjeta;Completada
1127;13-06-2024;13:52;Sucursal B;209;Bebidas;Te Premium;12;4000;48000;24000;24000;50;Efectivo;Completada
1128;26-02-2024;8:11;Sucursal C;206;Lacteos;Queso Fresco;40;4500;180000;100000;80000;44,44;Tarjeta;Completada
1129;17-05-2024;18:57;Sucursal B;201;Lacteos;Leche Entera;21;1500;31500;16800;14700;46,67;Tarjeta;Completada
1130;23-02-2024;9:25;Sucursal C;201;Lacteos;Leche Entera;36;1500;54000;28800;25200;46,67;Efectivo;Completada
1131;11-01-2024;14:34;Sucursal A;204;Lacteos;Yogurt Natural;39;3000;117000;58500;58500;50;Transferencia;Completada
1132;31-05-2024;16:35;Sucursal E;206;Lacteos;Queso Fresco;33;4500;148500;82500;66000;44,44;Tarjeta;Completada
1133;21-03-2024;8:52;Sucursal A;202;Panaderia;Pan Integral;26;2500;65000;31200;33800;52;Efectivo;Completada
1134;08-05-2024;14:41;Sucursal E;209;Bebidas;Te Premium;43;4000;172000;86000;86000;50;Tarjeta;Completada
1135;17-04-2024;9:36;Sucursal B;203;Bebidas;Jugo Naranja;12;2000;24000;10800;13200;55;Efectivo;Completada
1136;17-01-2024;21:11;Sucursal A;210;Panaderia;Donas Variadas;49;1200;58800;24500;34300;58,33;Tarjeta;Completada
1137;08-01-2024;11:53;Sucursal A;205;Panaderia;Croissant Chocolate;23;1800;41400;16100;25300;61,11;Tarjeta;Cancelada
1138;29-03-2024;16:46;Sucursal A;210;Panaderia;Donas Variadas;45;1200;54000;22500;31500;58,33;Efectivo;Completada
1139;24-05-2024;12:57;Sucursal B;207;Bebidas;Cafe Molido;21;5500;115500;63000;52500;45,45;Efectivo;Completada
1140;07-01-2024;14:49;Sucursal C;209;Bebidas;Te Premium;48;4000;192000;96000;96000;50;Tarjeta;Completada
1141;25-04-2024;17:41;Sucursal C;207;Bebidas;Cafe Molido;18;5500;99000;54000;45000;45,45;Tarjeta;Completada
1142;31-05-2024;8:02;Sucursal D;203;Bebidas;Jugo Naranja;45;2000;90000;40500;49500;55;Tarjeta;Completada
1143;17-04-2024;19:21;Sucursal A;207;Bebidas;Cafe Molido;4;5500;22000;12000;10000;45,45;Efectivo;Completada
1144;16-01-2024;13:34;Sucursal D;210;Panaderia;Donas Variadas;2;1200;2400;1000;1400;58,33;Transferencia;Completada
1145;13-01-2024;20:51;Sucursal C;202;Panaderia;Pan Integral;39;2500;97500;46800;50700;52;Efectivo;Completada
1146;02-03-2024;14:43;Sucursal D;205;Panaderia;Croissant Chocolate;16;1800;28800;11200;17600;61,11;Transferencia;Completada
1147;01-06-2024;7:29;Sucursal D;207;Bebidas;Cafe Molido;5;5500;27500;15000;12500;45,45;Efectivo;Completada
1148;29-04-2024;20:36;Sucursal D;202;Panaderia;Pan Integral;18;2500;45000;21600;23400;52;Efectivo;Completada
1149;13-03-2024;10:11;Sucursal A;201;Lacteos;Leche Entera;24;1500;36000;19200;16800;46,67;Transferencia;Completada
1150;19-06-2024;8:24;Sucursal C;206;Lacteos;Queso Fresco;13;4500;58500;32500;26000;44,44;Tarjeta;Completada
1151;12-03-2024;20:09;Sucursal E;204;Lacteos;Yogurt Natural;45;3000;135000;67500;67500;50;Efectivo;Completada
1152;17-06-2024;14:05;Sucursal B;201;Lacteos;Leche Entera;3;1500;4500;2400;2100;46,67;Tarjeta;Completada
1153;25-06-2024;16:48;Sucursal C;209;Bebidas;Te Premium;20;4000;80000;40000;40000;50;Efectivo;Completada
1154;26-06-2024;9:31;Sucursal A;202;Panaderia;Pan Integral;24;2500;60000;28800;31200;52;Tarjeta;Completada
1155;04-05-2024;20:36;Sucursal A;209;Bebidas;Te Premium;4;4000;16000;8000;8000;50;Efectivo;Completada
1156;07-03-2024;8:11;Sucursal C;209;Bebidas;Te Premium;25;4000;100000;50000;50000;50;Efectivo;Completada
1157;25-01-2024;14:59;Sucursal C;205;Panaderia;Croissant Chocolate;34;1800;61200;23800;37400;61,11;Efectivo;Completada
1158;12-05-2024;11:59;Sucursal B;210;Panaderia;Donas Variadas;6;1200;7200;3000;4200;58,33;Efectivo;Completada
1159;21-03-2024;20:28;Sucursal E;202;Panaderia;Pan Integral;32;2500;80000;38400;41600;52;Transferencia;Completada
1160;09-02-2024;19:32;Sucursal C;202;Panaderia;Pan Integral;13;2500;32500;15600;16900;52;Transferencia;Completada
1161;16-06-2024;15:12;Sucursal C;201;Lacteos;Leche Entera;48;1500;72000;38400;33600;46,67;Tarjeta;Completada
1162;18-06-2024;18:06;Sucursal C;204;Lacteos;Yogurt Natural;38;3000;114000;57000;57000;50;Transferencia;Cancelada
1163;31-01-2024;17:52;Sucursal B;207;Bebidas;Cafe Molido;10;5500;55000;30000;25000;45,45;Tarjeta;Completada
1164;09-04-2024;18:38;Sucursal E;202;Panaderia;Pan Integral;29;2500;72500;34800;37700;52;Efectivo;Completada
1165;03-06-2024;14:30;Sucursal A;201;Lacteos;Leche Entera;17;1500;25500;13600;11900;46,67;Efectivo;Completada
1166;18-04-2024;13:09;Sucursal C;203;Bebidas;Jugo Naranja;30;2000;60000;27000;33000;55;Tarjeta;Completada
1167;04-06-2024;10:19;Sucursal E;205;Panaderia;Croissant Chocolate;22;1800;39600;15400;24200;61,11;Tarjeta;Completada
1168;17-01-2024;12:00;Sucursal A;206;Lacteos;Queso Fresco;10;4500;45000;25000;20000;44,44;Efectivo;Completada
1169;19-02-2024;10:11;Sucursal C;204;Lacteos;Yogurt Natural;35;3000;105000;52500;52500;50;Efectivo;Completada
1170;13-05-2024;16:33;Sucursal C;203;Bebidas;Jugo Naranja;23;2000;46000;20700;25300;55;Efectivo;Cancelada
1171;08-04-2024;17:51;Sucursal E;209;Bebidas;Te Premium;29;4000;116000;58000;58000;50;Tarjeta;Completada
1172;24-03-2024;9:16;Sucursal C;206;Lacteos;Queso Fresco;27;4500;121500;67500;54000;44,44;Transferencia;Completada
1173;21-01-2024;12:18;Sucursal C;205;Panaderia;Croissant Chocolate;20;1800;36000;14000;22000;61,11;Efectivo;Cancelada
1174;01-01-2024;21:33;Sucursal D;210;Panaderia;Donas Variadas;38;1200;45600;19000;26600;58,33;Efectivo;Completada
1175;25-01-2024;21:43;Sucursal D;208;Lacteos;Mantequilla;18;3500;63000;32400;30600;48,57;Tarjeta;Cancelada
1176;22-06-2024;11:07;Sucursal A;209;Bebidas;Te Premium;29;4000;116000;58000;58000;50;Tarjeta;Completada
1177;10-05-2024;10:45;Sucursal D;205;Panaderia;Croissant Chocolate;3;1800;5400;2100;3300;61,11;Tarjeta;Completada
1178;17-01-2024;12:47;Sucursal D;204;Lacteos;Yogurt Natural;9;3000;27000;13500;13500;50;Tarjeta;Completada
1179;26-04-2024;7:07;Sucursal C;202;Panaderia;Pan Integral;13;2500;32500;15600;16900;52;Tarjeta;Completada
1180;22-03-2024;15:32;Sucursal C;206;Lacteos;Queso Fresco;45;4500;202500;112500;90000;44,44;Transferencia;Completada
1181;11-01-2024;15:16;Sucursal C;206;Lacteos;Queso Fresco;24;4500;108000;60000;48000;44,44;Efectivo;Completada
1182;20-03-2024;7:09;Sucursal D;206;Lacteos;Queso Fresco;20;4500;90000;50000;40000;44,44;Tarjeta;Completada
1183;06-04-2024;15:12;Sucursal A;202;Panaderia;Pan Integral;33;2500;82500;39600;42900;52;Efectivo;Completada
1184;02-06-2024;13:25;Sucursal B;206;Lacteos;Queso Fresco;38;4500;171000;95000;76000;44,44;Tarjeta;Completada
1185;15-04-2024;14:10;Sucursal D;207;Bebidas;Cafe Molido;49;5500;269500;147000;122500;45,45;Efectivo;Completada
1186;09-01-2024;21:31;Sucursal A;206;Lacteos;Queso Fresco;39;4500;175500;97500;78000;44,44;Efectivo;Completada
1187;12-03-2024;20:46;Sucursal D;202;Panaderia;Pan Integral;20;2500;50000;24000;26000;52;Tarjeta;Completada
1188;24-03-2024;16:02;Sucursal B;204;Lacteos;Yogurt Natural;22;3000;66000;33000;33000;50;Efectivo;Completada
1189;14-01-2024;18:12;Sucursal D;202;Panaderia;Pan Integral;23;2500;57500;27600;29900;52;Tarjeta;Completada
1190;26-05-2024;14:28;Sucursal D;207;Bebidas;Cafe Molido;45;5500;247500;135000;112500;45,45;Tarjeta;Completada
1191;20-02-2024;12:36;Sucursal B;202;Panaderia;Pan Integral;19;2500;47500;22800;24700;52;Transferencia;Cancelada
1192;10-05-2024;19:28;Sucursal C;210;Panaderia;Donas Variadas;35;1200;42000;17500;24500;58,33;Tarjeta;Completada
1193;14-05-2024;16:23;Sucursal E;201;Lacteos;Leche Entera;31;1500;46500;24800;21700;46,67;Tarjeta;Completada
1194;17-04-2024;8:48;Sucursal D;204;Lacteos;Yogurt Natural;24;3000;72000;36000;36000;50;Tarjeta;Completada
1195;26-04-2024;21:33;Sucursal D;202;Panaderia;Pan Integral;2;2500;5000;2400;2600;52;Tarjeta;Completada
1196;24-04-2024;9:44;Sucursal E;210;Panaderia;Donas Variadas;12;1200;14400;6000;8400;58,33;Tarjeta;Completada
1197;08-04-2024;20:22;Sucursal D;210;Panaderia;Donas Variadas;48;1200;57600;24000;33600;58,33;Tarjeta;Completada
1198;02-01-2024;12:44;Sucursal E;207;Bebidas;Cafe Molido;5;5500;27500;15000;12500;45,45;Tarjeta;Completada
1199;04-05-2024;8:38;Sucursal A;208;Lacteos;Mantequilla;20;3500;70000;36000;34000;48,57;Efectivo;Completada
1200;28-01-2024;11:00;Sucursal C;202;Panaderia;Pan Integral;37;2500;92500;44400;48100;52;Tarjeta;Completada
1201;14-02-2024;9:53;Sucursal C;207;Bebidas;Cafe Molido;10;5500;55000;30000;25000;45,45;Efectivo;Completada
1202;10-01-2024;10:07;Sucursal A;209;Bebidas;Te Premium;5;4000;20000;10000;10000;50;Tarjeta;Completada
1203;04-03-2024;15:42;Sucursal D;206;Lacteos;Queso Fresco;28;4500;126000;70000;56000;44,44;Tarjeta;Completada
1204;13-06-2024;14:27;Sucursal A;201;Lacteos;Leche Entera;44;1500;66000;35200;30800;46,67;Transferencia;Completada
1205;27-05-2024;21:36;Sucursal B;202;Panaderia;Pan Integral;9;2500;22500;10800;11700;52;Transferencia;Completada
1206;28-04-2024;7:48;Sucursal E;203;Bebidas;Jugo Naranja;5;2000;10000;4500;5500;55;Tarjeta;Completada
1207;20-01-2024;17:42;Sucursal B;205;Panaderia;Croissant Chocolate;24;1800;43200;16800;26400;61,11;Efectivo;Completada
1208;29-01-2024;18:37;Sucursal C;209;Bebidas;Te Premium;23;4000;92000;46000;46000;50;Efectivo;Completada
1209;14-02-2024;18:54;Sucursal B;204;Lacteos;Yogurt Natural;42;3000;126000;63000;63000;50;Efectivo;Completada
1210;08-01-2024;12:46;Sucursal E;206;Lacteos;Queso Fresco;47;4500;211500;117500;94000;44,44;Tarjeta;Completada
1211;19-06-2024;7:25;Sucursal B;210;Panaderia;Donas Variadas;18;1200;21600;9000;12600;58,33;Transferencia;Completada
1212;16-03-2024;10:32;Sucursal A;208;Lacteos;Mantequilla;46;3500;161000;82800;78200;48,57;Tarjeta;Completada
1213;21-05-2024;16:27;Sucursal E;205;Panaderia;Croissant Chocolate;41;1800;73800;28700;45100;61,11;Efectivo;Completada
1214;03-03-2024;15:47;Sucursal A;209;Bebidas;Te Premium;41;4000;164000;82000;82000;50;Tarjeta;Completada
1215;07-06-2024;8:37;Sucursal C;209;Bebidas;Te Premium;4;4000;16000;8000;8000;50;Efectivo;Completada
1216;22-03-2024;17:00;Sucursal C;209;Bebidas;Te Premium;45;4000;180000;90000;90000;50;Efectivo;Completada
1217;29-03-2024;16:06;Sucursal A;205;Panaderia;Croissant Chocolate;12;1800;21600;8400;13200;61,11;Tarjeta;Completada
1218;02-04-2024;7:34;Sucursal A;209;Bebidas;Te Premium;49;4000;196000;98000;98000;50;Efectivo;Completada
1219;08-04-2024;20:08;Sucursal B;208;Lacteos;Mantequilla;2;3500;7000;3600;3400;48,57;Efectivo;Completada
1220;17-02-2024;16:24;Sucursal D;202;Panaderia;Pan Integral;29;2500;72500;34800;37700;52;Efectivo;Completada
1221;06-02-2024;13:05;Sucursal C;204;Lacteos;Yogurt Natural;48;3000;144000;72000;72000;50;Tarjeta;Completada
1222;19-06-2024;21:52;Sucursal C;205;Panaderia;Croissant Chocolate;16;1800;28800;11200;17600;61,11;Transferencia;Completada
1223;20-02-2024;12:18;Sucursal E;204;Lacteos;Yogurt Natural;13;3000;39000;19500;19500;50;Efectivo;Completada
1224;26-04-2024;21:27;Sucursal C;204;Lacteos;Yogurt Natural;29;3000;87000;43500;43500;50;Tarjeta;Completada
1225;12-06-2024;19:03;Sucursal B;202;Panaderia;Pan Integral;49;2500;122500;58800;63700;52;Tarjeta;Completada
1226;07-01-2024;13:55;Sucursal E;210;Panaderia;Donas Variadas;31;1200;37200;15500;21700;58,33;Tarjeta;Completada
1227;05-02-2024;12:00;Sucursal D;204;Lacteos;Yogurt Natural;7;3000;21000;10500;10500;50;Efectivo;Completada
1228;16-02-2024;18:08;Sucursal E;207;Bebidas;Cafe Molido;22;5500;121000;66000;55000;45,45;Tarjeta;Completada
1229;01-05-2024;14:23;Sucursal E;209;Bebidas;Te Premium;42;4000;168000;84000;84000;50;Efectivo;Completada
1230;06-02-2024;9:35;Sucursal B;204;Lacteos;Yogurt Natural;24;3000;72000;36000;36000;50;Tarjeta;Completada
1231;25-05-2024;7:54;Sucursal D;203;Bebidas;Jugo Naranja;10;2000;20000;9000;11000;55;Tarjeta;Completada
1232;17-04-2024;7:21;Sucursal A;202;Panaderia;Pan Integral;21;2500;52500;25200;27300;52;Efectivo;Completada
1233;08-06-2024;19:56;Sucursal A;210;Panaderia;Donas Variadas;14;1200;16800;7000;9800;58,33;Tarjeta;Cancelada
1234;04-02-2024;9:41;Sucursal E;207;Bebidas;Cafe Molido;18;5500;99000;54000;45000;45,45;Tarjeta;Completada
1235;24-01-2024;12:41;Sucursal D;203;Bebidas;Jugo Naranja;26;2000;52000;23400;28600;55;Transferencia;Completada
1236;05-02-2024;10:02;Sucursal E;208;Lacteos;Mantequilla;33;3500;115500;59400;56100;48,57;Tarjeta;Completada
1237;10-03-2024;7:59;Sucursal D;209;Bebidas;Te Premium;13;4000;52000;26000;26000;50;Efectivo;Completada
1238;27-01-2024;12:43;Sucursal B;205;Panaderia;Croissant Chocolate;3;1800;5400;2100;3300;61,11;Efectivo;Completada
1239;10-03-2024;12:16;Sucursal D;202;Panaderia;Pan Integral;2;2500;5000;2400;2600;52;Transferencia;Completada
1240;25-04-2024;11:12;Sucursal D;208;Lacteos;Mantequilla;36;3500;126000;64800;61200;48,57;Tarjeta;Completada
1241;24-02-2024;18:16;Sucursal A;210;Panaderia;Donas Variadas;16;1200;19200;8000;11200;58,33;Efectivo;Cancelada
1242;03-01-2024;12:04;Sucursal D;207;Bebidas;Cafe Molido;40;5500;220000;120000;100000;45,45;Tarjeta;Completada
1243;05-03-2024;12:21;Sucursal E;209;Bebidas;Te Premium;20;4000;80000;40000;40000;50;Efectivo;Completada
1244;09-06-2024;10:33;Sucursal D;205;Panaderia;Croissant Chocolate;38;1800;68400;26600;41800;61,11;Efectivo;Completada
1245;30-05-2024;15:20;Sucursal E;202;Panaderia;Pan Integral;2;2500;5000;2400;2600;52;Efectivo;Completada
1246;15-03-2024;16:03;Sucursal D;203;Bebidas;Jugo Naranja;23;2000;46000;20700;25300;55;Transferencia;Completada
1247;29-05-2024;10:41;Sucursal D;206;Lacteos;Queso Fresco;37;4500;166500;92500;74000;44,44;Tarjeta;Completada
1248;14-06-2024;20:23;Sucursal E;202;Panaderia;Pan Integral;35;2500;87500;42000;45500;52;Tarjeta;Completada
1249;07-03-2024;15:14;Sucursal D;207;Bebidas;Cafe Molido;14;5500;77000;42000;35000;45,45;Tarjeta;Completada
1250;09-05-2024;10:17;Sucursal B;203;Bebidas;Jugo Naranja;14;2000;28000;12600;15400;55;Tarjeta;Completada
1251;25-01-2024;21:13;Sucursal A;206;Lacteos;Queso Fresco;36;4500;162000;90000;72000;44,44;Efectivo;Completada
1252;04-05-2024;15:05;Sucursal C;204;Lacteos;Yogurt Natural;35;3000;105000;52500;52500;50;Efectivo;Completada
1253;15-05-2024;15:14;Sucursal B;205;Panaderia;Croissant Chocolate;4;1800;7200;2800;4400;61,11;Transferencia;Completada
1254;01-02-2024;18:05;Sucursal B;204;Lacteos;Yogurt Natural;29;3000;87000;43500;43500;50;Efectivo;Completada
1255;09-05-2024;9:04;Sucursal C;207;Bebidas;Cafe Molido;31;5500;170500;93000;77500;45,45;Tarjeta;Completada
1256;09-05-2024;14:14;Sucursal E;202;Panaderia;Pan Integral;31;2500;77500;37200;40300;52;Transferencia;Completada
1257;08-04-2024;20:45;Sucursal A;205;Panaderia;Croissant Chocolate;28;1800;50400;19600;30800;61,11;Efectivo;Completada
1258;06-04-2024;14:16;Sucursal D;204;Lacteos;Yogurt Natural;39;3000;117000;58500;58500;50;Efectivo;Completada
1259;21-02-2024;13:49;Sucursal D;204;Lacteos;Yogurt Natural;38;3000;114000;57000;57000;50;Efectivo;Completada
1260;02-03-2024;12:13;Sucursal C;203;Bebidas;Jugo Naranja;28;2000;56000;25200;30800;55;Efectivo;Completada
1261;12-05-2024;11:53;Sucursal B;207;Bebidas;Cafe Molido;27;5500;148500;81000;67500;45,45;Tarjeta;Completada
1262;27-02-2024;19:20;Sucursal E;208;Lacteos;Mantequilla;1;3500;3500;1800;1700;48,57;Tarjeta;Completada
1263;22-03-2024;10:16;Sucursal E;205;Panaderia;Croissant Chocolate;32;1800;57600;22400;35200;61,11;Efectivo;Completada
1264;28-05-2024;20:03;Sucursal E;204;Lacteos;Yogurt Natural;26;3000;78000;39000;39000;50;Transferencia;Completada
1265;22-03-2024;19:51;Sucursal C;208;Lacteos;Mantequilla;41;3500;143500;73800;69700;48,57;Transferencia;Completada
1266;11-02-2024;14:08;Sucursal A;201;Lacteos;Leche Entera;17;1500;25500;13600;11900;46,67;Transferencia;Completada
1267;17-02-2024;11:27;Sucursal B;201;Lacteos;Leche Entera;40;1500;60000;32000;28000;46,67;Tarjeta;Completada
1268;25-06-2024;14:44;Sucursal D;201;Lacteos;Leche Entera;23;1500;34500;18400;16100;46,67;Efectivo;Completada
1269;27-03-2024;15:22;Sucursal E;205;Panaderia;Croissant Chocolate;8;1800;14400;5600;8800;61,11;Tarjeta;Completada
1270;31-05-2024;10:20;Sucursal A;203;Bebidas;Jugo Naranja;5;2000;10000;4500;5500;55;Efectivo;Completada
1271;18-05-2024;9:27;Sucursal C;204;Lacteos;Yogurt Natural;7;3000;21000;10500;10500;50;Efectivo;Completada
1272;05-01-2024;21:31;Sucursal B;206;Lacteos;Queso Fresco;38;4500;171000;95000;76000;44,44;Tarjeta;Completada
1273;15-05-2024;8:14;Sucursal A;208;Lacteos;Mantequilla;9;3500;31500;16200;15300;48,57;Efectivo;Completada
1274;05-05-2024;15:57;Sucursal A;204;Lacteos;Yogurt Natural;41;3000;123000;61500;61500;50;Tarjeta;Completada
1275;10-01-2024;17:39;Sucursal D;205;Panaderia;Croissant Chocolate;12;1800;21600;8400;13200;61,11;Efectivo;Completada
1276;08-06-2024;21:16;Sucursal C;202;Panaderia;Pan Integral;10;2500;25000;12000;13000;52;Transferencia;Completada
1277;01-06-2024;18:57;Sucursal C;208;Lacteos;Mantequilla;14;3500;49000;25200;23800;48,57;Tarjeta;Completada
1278;06-06-2024;9:45;Sucursal E;204;Lacteos;Yogurt Natural;44;3000;132000;66000;66000;50;Efectivo;Cancelada
1279;01-05-2024;15:46;Sucursal A;207;Bebidas;Cafe Molido;12;5500;66000;36000;30000;45,45;Efectivo;Completada
1280;28-05-2024;17:21;Sucursal D;208;Lacteos;Mantequilla;32;3500;112000;57600;54400;48,57;Tarjeta;Completada
1281;01-04-2024;11:14;Sucursal B;202;Panaderia;Pan Integral;29;2500;72500;34800;37700;52;Efectivo;Cancelada
1282;30-05-2024;12:42;Sucursal D;208;Lacteos;Mantequilla;13;3500;45500;23400;22100;48,57;Tarjeta;Completada
1283;03-01-2024;19:29;Sucursal C;206;Lacteos;Queso Fresco;23;4500;103500;57500;46000;44,44;Transferencia;Completada
1284;07-05-2024;14:00;Sucursal B;205;Panaderia;Croissant Chocolate;16;1800;28800;11200;17600;61,11;Tarjeta;Completada
1285;11-05-2024;16:33;Sucursal C;208;Lacteos;Mantequilla;32;3500;112000;57600;54400;48,57;Efectivo;Completada
1286;07-05-2024;8:40;Sucursal C;207;Bebidas;Cafe Molido;27;5500;148500;81000;67500;45,45;Efectivo;Completada
1287;12-06-2024;16:53;Sucursal B;206;Lacteos;Queso Fresco;26;4500;117000;65000;52000;44,44;Tarjeta;Completada
1288;30-04-2024;17:15;Sucursal E;202;Panaderia;Pan Integral;20;2500;50000;24000;26000;52;Efectivo;Completada
1289;25-02-2024;21:03;Sucursal E;203;Bebidas;Jugo Naranja;4;2000;8000;3600;4400;55;Tarjeta;Completada
1290;02-06-2024;13:20;Sucursal E;205;Panaderia;Croissant Chocolate;40;1800;72000;28000;44000;61,11;Efectivo;Completada
1291;26-02-2024;10:28;Sucursal A;204;Lacteos;Yogurt Natural;7;3000;21000;10500;10500;50;Tarjeta;Completada
1292;20-03-2024;14:23;Sucursal D;210;Panaderia;Donas Variadas;4;1200;4800;2000;2800;58,33;Tarjeta;Completada
1293;07-06-2024;9:21;Sucursal A;203;Bebidas;Jugo Naranja;46;2000;92000;41400;50600;55;Tarjeta;Completada
1294;27-02-2024;10:18;Sucursal E;206;Lacteos;Queso Fresco;31;4500;139500;77500;62000;44,44;Tarjeta;Completada
1295;22-04-2024;21:51;Sucursal A;207;Bebidas;Cafe Molido;18;5500;99000;54000;45000;45,45;Efectivo;Completada
1296;16-02-2024;7:16;Sucursal D;209;Bebidas;Te Premium;45;4000;180000;90000;90000;50;Tarjeta;Completada
1297;16-02-2024;13:08;Sucursal D;206;Lacteos;Queso Fresco;11;4500;49500;27500;22000;44,44;Transferencia;Completada
1298;01-03-2024;19:42;Sucursal B;210;Panaderia;Donas Variadas;3;1200;3600;1500;2100;58,33;Efectivo;Completada
1299;21-03-2024;16:34;Sucursal E;203;Bebidas;Jugo Naranja;19;2000;38000;17100;20900;55;Tarjeta;Completada
1300;02-04-2024;11:09;Sucursal D;205;Panaderia;Croissant Chocolate;49;1800;88200;34300;53900;61,11;Transferencia;Completada
1301;30-03-2024;7:23;Sucursal B;204;Lacteos;Yogurt Natural;35;3000;105000;52500;52500;50;Tarjeta;Completada
1302;22-06-2024;15:35;Sucursal D;209;Bebidas;Te Premium;24;4000;96000;48000;48000;50;Efectivo;Completada
1303;15-04-2024;9:54;Sucursal D;206;Lacteos;Queso Fresco;7;4500;31500;17500;14000;44,44;Transferencia;Completada
1304;20-03-2024;19:05;Sucursal B;206;Lacteos;Queso Fresco;25;4500;112500;62500;50000;44,44;Efectivo;Completada
1305;16-04-2024;15:20;Sucursal B;204;Lacteos;Yogurt Natural;43;3000;129000;64500;64500;50;Tarjeta;Completada
1306;07-01-2024;14:10;Sucursal B;206;Lacteos;Queso Fresco;32;4500;144000;80000;64000;44,44;Transferencia;Completada
1307;28-05-2024;14:13;Sucursal B;210;Panaderia;Donas Variadas;44;1200;52800;22000;30800;58,33;Tarjeta;Cancelada
1308;22-03-2024;16:36;Sucursal C;205;Panaderia;Croissant Chocolate;23;1800;41400;16100;25300;61,11;Tarjeta;Completada
1309;29-03-2024;7:49;Sucursal D;205;Panaderia;Croissant Chocolate;41;1800;73800;28700;45100;61,11;Tarjeta;Completada
1310;11-03-2024;14:33;Sucursal A;206;Lacteos;Queso Fresco;17;4500;76500;42500;34000;44,44;Tarjeta;Completada
1311;15-06-2024;8:05;Sucursal A;206;Lacteos;Queso Fresco;17;4500;76500;42500;34000;44,44;Efectivo;Completada
1312;14-03-2024;12:47;Sucursal E;205;Panaderia;Croissant Chocolate;2;1800;3600;1400;2200;61,11;Efectivo;Completada
1313;23-05-2024;12:11;Sucursal E;203;Bebidas;Jugo Naranja;39;2000;78000;35100;42900;55;Efectivo;Completada
1314;28-02-2024;13:20;Sucursal C;210;Panaderia;Donas Variadas;49;1200;58800;24500;34300;58,33;Efectivo;Completada
1315;19-04-2024;12:51;Sucursal E;204;Lacteos;Yogurt Natural;15;3000;45000;22500;22500;50;Transferencia;Completada
1316;16-06-2024;7:01;Sucursal D;210;Panaderia;Donas Variadas;26;1200;31200;13000;18200;58,33;Efectivo;Completada
1317;13-02-2024;12:38;Sucursal B;201;Lacteos;Leche Entera;35;1500;52500;28000;24500;46,67;Tarjeta;Completada
1318;26-06-2024;14:11;Sucursal E;203;Bebidas;Jugo Naranja;11;2000;22000;9900;12100;55;Tarjeta;Completada
1319;10-02-2024;14:54;Sucursal E;204;Lacteos;Yogurt Natural;21;3000;63000;31500;31500;50;Tarjeta;Completada
1320;13-04-2024;12:11;Sucursal B;202;Panaderia;Pan Integral;20;2500;50000;24000;26000;52;Efectivo;Completada
1321;18-04-2024;14:37;Sucursal C;203;Bebidas;Jugo Naranja;43;2000;86000;38700;47300;55;Efectivo;Completada
1322;08-01-2024;17:36;Sucursal D;205;Panaderia;Croissant Chocolate;48;1800;86400;33600;52800;61,11;Tarjeta;Completada
1323;19-01-2024;20:54;Sucursal D;209;Bebidas;Te Premium;11;4000;44000;22000;22000;50;Transferencia;Completada
1324;28-04-2024;19:33;Sucursal E;205;Panaderia;Croissant Chocolate;30;1800;54000;21000;33000;61,11;Efectivo;Completada
1325;28-02-2024;15:02;Sucursal C;207;Bebidas;Cafe Molido;5;5500;27500;15000;12500;45,45;Tarjeta;Completada
1326;10-06-2024;19:27;Sucursal E;210;Panaderia;Donas Variadas;35;1200;42000;17500;24500;58,33;Transferencia;Completada
1327;26-06-2024;15:10;Sucursal C;206;Lacteos;Queso Fresco;44;4500;198000;110000;88000;44,44;Transferencia;Completada
1328;10-05-2024;14:25;Sucursal E;210;Panaderia;Donas Variadas;28;1200;33600;14000;19600;58,33;Efectivo;Completada
1329;28-06-2024;8:57;Sucursal A;202;Panaderia;Pan Integral;47;2500;117500;56400;61100;52;Tarjeta;Completada
1330;07-05-2024;18:10;Sucursal A;206;Lacteos;Queso Fresco;5;4500;22500;12500;10000;44,44;Tarjeta;Completada
1331;02-02-2024;8:01;Sucursal E;204;Lacteos;Yogurt Natural;16;3000;48000;24000;24000;50;Efectivo;Completada
1332;16-02-2024;18:00;Sucursal A;207;Bebidas;Cafe Molido;20;5500;110000;60000;50000;45,45;Tarjeta;Completada
1333;07-03-2024;21:37;Sucursal B;204;Lacteos;Yogurt Natural;25;3000;75000;37500;37500;50;Efectivo;Completada
1334;26-02-2024;10:13;Sucursal E;205;Panaderia;Croissant Chocolate;46;1800;82800;32200;50600;61,11;Transferencia;Completada
1335;16-05-2024;21:17;Sucursal D;203;Bebidas;Jugo Naranja;13;2000;26000;11700;14300;55;Tarjeta;Completada
1336;30-05-2024;20:34;Sucursal D;202;Panaderia;Pan Integral;8;2500;20000;9600;10400;52;Tarjeta;Completada
1337;24-03-2024;14:13;Sucursal A;201;Lacteos;Leche Entera;40;1500;60000;32000;28000;46,67;Transferencia;Completada
1338;24-06-2024;9:02;Sucursal C;209;Bebidas;Te Premium;46;4000;184000;92000;92000;50;Tarjeta;Completada
1339;21-06-2024;21:51;Sucursal A;207;Bebidas;Cafe Molido;19;5500;104500;57000;47500;45,45;Efectivo;Completada
1340;01-03-2024;15:32;Sucursal A;204;Lacteos;Yogurt Natural;30;3000;90000;45000;45000;50;Tarjeta;Completada
1341;22-02-2024;20:40;Sucursal A;203;Bebidas;Jugo Naranja;14;2000;28000;12600;15400;55;Efectivo;Completada
1342;08-01-2024;12:40;Sucursal A;202;Panaderia;Pan Integral;46;2500;115000;55200;59800;52;Transferencia;Completada
1343;16-01-2024;17:45;Sucursal D;201;Lacteos;Leche Entera;35;1500;52500;28000;24500;46,67;Transferencia;Completada
1344;09-03-2024;18:32;Sucursal E;204;Lacteos;Yogurt Natural;3;3000;9000;4500;4500;50;Tarjeta;Completada
1345;16-05-2024;8:23;Sucursal C;204;Lacteos;Yogurt Natural;17;3000;51000;25500;25500;50;Transferencia;Completada
1346;27-03-2024;20:46;Sucursal D;208;Lacteos;Mantequilla;12;3500;42000;21600;20400;48,57;Efectivo;Completada
1347;21-02-2024;10:56;Sucursal E;206;Lacteos;Queso Fresco;38;4500;171000;95000;76000;44,44;Tarjeta;Completada
1348;01-04-2024;9:21;Sucursal D;204;Lacteos;Yogurt Natural;45;3000;135000;67500;67500;50;Efectivo;Completada
1349;31-03-2024;14:22;Sucursal A;207;Bebidas;Cafe Molido;1;5500;5500;3000;2500;45,45;Tarjeta;Completada
1350;24-05-2024;14:18;Sucursal B;206;Lacteos;Queso Fresco;27;4500;121500;67500;54000;44,44;Efectivo;Cancelada
1351;02-04-2024;20:34;Sucursal C;201;Lacteos;Leche Entera;40;1500;60000;32000;28000;46,67;Tarjeta;Completada
1352;25-06-2024;7:07;Sucursal A;206;Lacteos;Queso Fresco;46;4500;207000;115000;92000;44,44;Efectivo;Completada
1353;30-03-2024;20:41;Sucursal E;207;Bebidas;Cafe Molido;49;5500;269500;147000;122500;45,45;Efectivo;Completada
1354;09-01-2024;15:16;Sucursal E;208;Lacteos;Mantequilla;49;3500;171500;88200;83300;48,57;Efectivo;Completada
1355;15-06-2024;19:10;Sucursal A;207;Bebidas;Cafe Molido;39;5500;214500;117000;97500;45,45;Efectivo;Completada
1356;06-05-2024;18:07;Sucursal D;201;Lacteos;Leche Entera;19;1500;28500;15200;13300;46,67;Transferencia;Completada
1357;12-01-2024;13:27;Sucursal E;201;Lacteos;Leche Entera;26;1500;39000;20800;18200;46,67;Tarjeta;Completada
1358;31-03-2024;13:48;Sucursal E;207;Bebidas;Cafe Molido;47;5500;258500;141000;117500;45,45;Tarjeta;Completada
1359;08-03-2024;11:18;Sucursal D;201;Lacteos;Leche Entera;18;1500;27000;14400;12600;46,67;Tarjeta;Completada
1360;22-04-2024;15:38;Sucursal D;201;Lacteos;Leche Entera;15;1500;22500;12000;10500;46,67;Tarjeta;Completada
1361;20-02-2024;15:38;Sucursal B;210;Panaderia;Donas Variadas;9;1200;10800;4500;6300;58,33;Transferencia;Completada
1362;03-06-2024;12:02;Sucursal B;205;Panaderia;Croissant Chocolate;29;1800;52200;20300;31900;61,11;Tarjeta;Completada
1363;21-03-2024;17:00;Sucursal D;209;Bebidas;Te Premium;35;4000;140000;70000;70000;50;Efectivo;Completada
1364;10-04-2024;15:22;Sucursal A;205;Panaderia;Croissant Chocolate;31;1800;55800;21700;34100;61,11;Tarjeta;Completada
1365;21-01-2024;10:34;Sucursal C;206;Lacteos;Queso Fresco;18;4500;81000;45000;36000;44,44;Efectivo;Completada
1366;01-05-2024;18:43;Sucursal C;202;Panaderia;Pan Integral;3;2500;7500;3600;3900;52;Transferencia;Completada
1367;13-04-2024;18:32;Sucursal C;210;Panaderia;Donas Variadas;36;1200;43200;18000;25200;58,33;Tarjeta;Completada
1368;04-06-2024;14:00;Sucursal D;205;Panaderia;Croissant Chocolate;37;1800;66600;25900;40700;61,11;Efectivo;Completada
1369;05-06-2024;18:34;Sucursal D;210;Panaderia;Donas Variadas;18;1200;21600;9000;12600;58,33;Efectivo;Completada
1370;05-05-2024;11:07;Sucursal A;201;Lacteos;Leche Entera;38;1500;57000;30400;26600;46,67;Efectivo;Completada
1371;05-03-2024;8:04;Sucursal A;204;Lacteos;Yogurt Natural;45;3000;135000;67500;67500;50;Efectivo;Cancelada
1372;07-03-2024;20:53;Sucursal B;204;Lacteos;Yogurt Natural;27;3000;81000;40500;40500;50;Transferencia;Completada
1373;20-02-2024;11:29;Sucursal C;202;Panaderia;Pan Integral;15;2500;37500;18000;19500;52;Efectivo;Completada
1374;06-02-2024;9:22;Sucursal D;210;Panaderia;Donas Variadas;37;1200;44400;18500;25900;58,33;Tarjeta;Cancelada
1375;22-04-2024;12:03;Sucursal A;204;Lacteos;Yogurt Natural;45;3000;135000;67500;67500;50;Transferencia;Completada
1376;20-05-2024;11:58;Sucursal E;202;Panaderia;Pan Integral;22;2500;55000;26400;28600;52;Tarjeta;Completada
1377;07-04-2024;11:45;Sucursal B;203;Bebidas;Jugo Naranja;49;2000;98000;44100;53900;55;Tarjeta;Completada
1378;18-05-2024;18:23;Sucursal D;207;Bebidas;Cafe Molido;1;5500;5500;3000;2500;45,45;Transferencia;Completada
1379;07-04-2024;9:59;Sucursal C;204;Lacteos;Yogurt Natural;17;3000;51000;25500;25500;50;Efectivo;Completada
1380;31-05-2024;13:20;Sucursal C;210;Panaderia;Donas Variadas;37;1200;44400;18500;25900;58,33;Efectivo;Completada
1381;10-04-2024;11:33;Sucursal C;204;Lacteos;Yogurt Natural;27;3000;81000;40500;40500;50;Tarjeta;Completada
1382;19-05-2024;13:27;Sucursal E;206;Lacteos;Queso Fresco;11;4500;49500;27500;22000;44,44;Efectivo;Completada
1383;17-06-2024;7:50;Sucursal D;210;Panaderia;Donas Variadas;6;1200;7200;3000;4200;58,33;Tarjeta;Cancelada
1384;21-02-2024;12:10;Sucursal B;206;Lacteos;Queso Fresco;36;4500;162000;90000;72000;44,44;Efectivo;Completada
1385;22-05-2024;9:52;Sucursal C;209;Bebidas;Te Premium;17;4000;68000;34000;34000;50;Transferencia;Completada
1386;27-06-2024;21:08;Sucursal E;204;Lacteos;Yogurt Natural;35;3000;105000;52500;52500;50;Efectivo;Completada
1387;21-03-2024;14:18;Sucursal A;201;Lacteos;Leche Entera;32;1500;48000;25600;22400;46,67;Efectivo;Completada
1388;09-03-2024;12:28;Sucursal B;207;Bebidas;Cafe Molido;32;5500;176000;96000;80000;45,45;Efectivo;Completada
1389;17-05-2024;18:01;Sucursal E;210;Panaderia;Donas Variadas;16;1200;19200;8000;11200;58,33;Efectivo;Completada
1390;30-01-2024;8:07;Sucursal C;209;Bebidas;Te Premium;19;4000;76000;38000;38000;50;Transferencia;Completada
1391;30-01-2024;10:24;Sucursal C;207;Bebidas;Cafe Molido;1;5500;5500;3000;2500;45,45;Tarjeta;Completada
1392;20-05-2024;21:00;Sucursal E;208;Lacteos;Mantequilla;9;3500;31500;16200;15300;48,57;Tarjeta;Completada
1393;13-04-2024;20:13;Sucursal A;207;Bebidas;Cafe Molido;34;5500;187000;102000;85000;45,45;Tarjeta;Completada
1394;11-04-2024;18:12;Sucursal C;203;Bebidas;Jugo Naranja;14;2000;28000;12600;15400;55;Transferencia;Completada
1395;01-03-2024;8:39;Sucursal C;203;Bebidas;Jugo Naranja;38;2000;76000;34200;41800;55;Efectivo;Completada
1396;03-05-2024;8:25;Sucursal D;206;Lacteos;Queso Fresco;2;4500;9000;5000;4000;44,44;Tarjeta;Completada
1397;03-02-2024;13:13;Sucursal C;207;Bebidas;Cafe Molido;8;5500;44000;24000;20000;45,45;Efectivo;Completada
1398;27-04-2024;7:16;Sucursal E;207;Bebidas;Cafe Molido;39;5500;214500;117000;97500;45,45;Tarjeta;Cancelada
1399;21-01-2024;15:24;Sucursal E;203;Bebidas;Jugo Naranja;19;2000;38000;17100;20900;55;Efectivo;Completada
1400;23-01-2024;14:53;Sucursal B;210;Panaderia;Donas Variadas;36;1200;43200;18000;25200;58,33;Efectivo;Completada
1401;14-01-2024;10:52;Sucursal D;202;Panaderia;Pan Integral;46;2500;115000;55200;59800;52;Tarjeta;Completada
1402;04-01-2024;13:30;Sucursal B;207;Bebidas;Cafe Molido;12;5500;66000;36000;30000;45,45;Efectivo;Completada
1403;07-04-2024;21:56;Sucursal D;209;Bebidas;Te Premium;49;4000;196000;98000;98000;50;Efectivo;Completada
1404;02-06-2024;14:49;Sucursal A;202;Panaderia;Pan Integral;23;2500;57500;27600;29900;52;Tarjeta;Completada
1405;20-06-2024;17:56;Sucursal E;209;Bebidas;Te Premium;28;4000;112000;56000;56000;50;Efectivo;Completada
1406;03-06-2024;10:17;Sucursal D;202;Panaderia;Pan Integral;4;2500;10000;4800;5200;52;Transferencia;Completada
1407;25-06-2024;7:57;Sucursal D;206;Lacteos;Queso Fresco;37;4500;166500;92500;74000;44,44;Efectivo;Completada
1408;29-02-2024;13:20;Sucursal B;209;Bebidas;Te Premium;47;4000;188000;94000;94000;50;Tarjeta;Completada
1409;09-06-2024;7:03;Sucursal D;208;Lacteos;Mantequilla;11;3500;38500;19800;18700;48,57;Tarjeta;Completada
1410;21-01-2024;18:36;Sucursal C;204;Lacteos;Yogurt Natural;19;3000;57000;28500;28500;50;Efectivo;Completada
1411;17-02-2024;9:46;Sucursal D;207;Bebidas;Cafe Molido;41;5500;225500;123000;102500;45,45;Efectivo;Completada
1412;14-04-2024;8:36;Sucursal A;207;Bebidas;Cafe Molido;13;5500;71500;39000;32500;45,45;Tarjeta;Completada
1413;16-01-2024;17:53;Sucursal A;209;Bebidas;Te Premium;38;4000;152000;76000;76000;50;Transferencia;Completada
1414;18-04-2024;8:08;Sucursal E;207;Bebidas;Cafe Molido;45;5500;247500;135000;112500;45,45;Efectivo;Completada
1415;18-01-2024;18:43;Sucursal D;203;Bebidas;Jugo Naranja;6;2000;12000;5400;6600;55;Efectivo;Completada
1416;05-03-2024;9:12;Sucursal E;204;Lacteos;Yogurt Natural;43;3000;129000;64500;64500;50;Efectivo;Completada
1417;17-05-2024;11:09;Sucursal D;205;Panaderia;Croissant Chocolate;47;1800;84600;32900;51700;61,11;Efectivo;Completada
1418;24-01-2024;20:09;Sucursal A;202;Panaderia;Pan Integral;36;2500;90000;43200;46800;52;Efectivo;Completada
1419;11-04-2024;19:42;Sucursal D;201;Lacteos;Leche Entera;24;1500;36000;19200;16800;46,67;Transferencia;Completada
1420;30-03-2024;13:27;Sucursal A;206;Lacteos;Queso Fresco;20;4500;90000;50000;40000;44,44;Efectivo;Completada
1421;01-04-2024;12:52;Sucursal D;210;Panaderia;Donas Variadas;27;1200;32400;13500;18900;58,33;Efectivo;Completada
1422;10-06-2024;7:54;Sucursal E;205;Panaderia;Croissant Chocolate;25;1800;45000;17500;27500;61,11;Tarjeta;Completada
1423;05-05-2024;13:35;Sucursal D;205;Panaderia;Croissant Chocolate;13;1800;23400;9100;14300;61,11;Tarjeta;Completada
1424;15-03-2024;15:55;Sucursal A;208;Lacteos;Mantequilla;23;3500;80500;41400;39100;48,57;Tarjeta;Completada
1425;11-05-2024;15:28;Sucursal C;208;Lacteos;Mantequilla;29;3500;101500;52200;49300;48,57;Efectivo;Completada
1426;19-03-2024;10:25;Sucursal D;207;Bebidas;Cafe Molido;26;5500;143000;78000;65000;45,45;Transferencia;Completada
1427;25-02-2024;21:31;Sucursal B;204;Lacteos;Yogurt Natural;11;3000;33000;16500;16500;50;Efectivo;Completada
1428;28-02-2024;16:56;Sucursal D;210;Panaderia;Donas Variadas;7;1200;8400;3500;4900;58,33;Tarjeta;Completada
1429;14-02-2024;11:07;Sucursal C;203;Bebidas;Jugo Naranja;13;2000;26000;11700;14300;55;Tarjeta;Completada
1430;04-06-2024;10:37;Sucursal A;201;Lacteos;Leche Entera;47;1500;70500;37600;32900;46,67;Efectivo;Completada
1431;16-02-2024;7:49;Sucursal B;209;Bebidas;Te Premium;26;4000;104000;52000;52000;50;Efectivo;Completada
1432;23-02-2024;17:33;Sucursal B;201;Lacteos;Leche Entera;38;1500;57000;30400;26600;46,67;Efectivo;Completada
1433;21-01-2024;16:45;Sucursal B;205;Panaderia;Croissant Chocolate;14;1800;25200;9800;15400;61,11;Tarjeta;Completada
1434;06-01-2024;17:43;Sucursal D;208;Lacteos;Mantequilla;45;3500;157500;81000;76500;48,57;Tarjeta;Cancelada
1435;17-03-2024;18:43;Sucursal C;202;Panaderia;Pan Integral;31;2500;77500;37200;40300;52;Transferencia;Completada
1436;08-04-2024;20:56;Sucursal C;208;Lacteos;Mantequilla;26;3500;91000;46800;44200;48,57;Efectivo;Completada
1437;18-01-2024;12:03;Sucursal B;203;Bebidas;Jugo Naranja;26;2000;52000;23400;28600;55;Tarjeta;Completada
1438;04-05-2024;17:52;Sucursal A;202;Panaderia;Pan Integral;43;2500;107500;51600;55900;52;Transferencia;Cancelada
1439;08-01-2024;20:00;Sucursal D;210;Panaderia;Donas Variadas;47;1200;56400;23500;32900;58,33;Tarjeta;Completada
1440;24-03-2024;19:21;Sucursal B;208;Lacteos;Mantequilla;22;3500;77000;39600;37400;48,57;Tarjeta;Completada
1441;05-02-2024;16:42;Sucursal D;205;Panaderia;Croissant Chocolate;28;1800;50400;19600;30800;61,11;Efectivo;Completada
1442;13-04-2024;11:26;Sucursal C;202;Panaderia;Pan Integral;22;2500;55000;26400;28600;52;Efectivo;Completada
1443;20-05-2024;12:55;Sucursal D;210;Panaderia;Donas Variadas;9;1200;10800;4500;6300;58,33;Transferencia;Completada
1444;08-05-2024;7:02;Sucursal E;209;Bebidas;Te Premium;7;4000;28000;14000;14000;50;Efectivo;Completada
1445;11-06-2024;17:25;Sucursal A;203;Bebidas;Jugo Naranja;39;2000;78000;35100;42900;55;Efectivo;Completada
1446;25-04-2024;8:03;Sucursal E;204;Lacteos;Yogurt Natural;27;3000;81000;40500;40500;50;Tarjeta;Completada
1447;02-06-2024;16:58;Sucursal D;204;Lacteos;Yogurt Natural;23;3000;69000;34500;34500;50;Efectivo;Completada
1448;01-05-2024;8:55;Sucursal A;201;Lacteos;Leche Entera;22;1500;33000;17600;15400;46,67;Efectivo;Completada
1449;18-05-2024;9:11;Sucursal C;208;Lacteos;Mantequilla;21;3500;73500;37800;35700;48,57;Tarjeta;Completada
1450;16-02-2024;11:20;Sucursal B;207;Bebidas;Cafe Molido;40;5500;220000;120000;100000;45,45;Tarjeta;Completada
1451;24-03-2024;19:07;Sucursal D;202;Panaderia;Pan Integral;45;2500;112500;54000;58500;52;Efectivo;Completada
1452;12-04-2024;16:14;Sucursal C;209;Bebidas;Te Premium;4;4000;16000;8000;8000;50;Transferencia;Completada
1453;20-04-2024;21:35;Sucursal C;208;Lacteos;Mantequilla;40;3500;140000;72000;68000;48,57;Tarjeta;Completada
1454;04-01-2024;13:52;Sucursal B;203;Bebidas;Jugo Naranja;49;2000;98000;44100;53900;55;Efectivo;Completada
1455;09-03-2024;11:56;Sucursal A;205;Panaderia;Croissant Chocolate;6;1800;10800;4200;6600;61,11;Transferencia;Completada
1456;14-06-2024;9:50;Sucursal E;205;Panaderia;Croissant Chocolate;20;1800;36000;14000;22000;61,11;Efectivo;Completada
1457;16-03-2024;21:40;Sucursal C;206;Lacteos;Queso Fresco;36;4500;162000;90000;72000;44,44;Tarjeta;Completada
1458;19-02-2024;17:50;Sucursal A;205;Panaderia;Croissant Chocolate;48;1800;86400;33600;52800;61,11;Efectivo;Completada
1459;02-05-2024;14:21;Sucursal D;206;Lacteos;Queso Fresco;39;4500;175500;97500;78000;44,44;Efectivo;Completada
1460;16-01-2024;17:33;Sucursal B;207;Bebidas;Cafe Molido;10;5500;55000;30000;25000;45,45;Tarjeta;Completada
1461;18-05-2024;10:47;Sucursal A;210;Panaderia;Donas Variadas;17;1200;20400;8500;11900;58,33;Efectivo;Completada
1462;28-05-2024;21:24;Sucursal A;205;Panaderia;Croissant Chocolate;1;1800;1800;700;1100;61,11;Efectivo;Cancelada
1463;06-05-2024;21:31;Sucursal B;208;Lacteos;Mantequilla;40;3500;140000;72000;68000;48,57;Efectivo;Completada
1464;30-05-2024;8:58;Sucursal E;210;Panaderia;Donas Variadas;17;1200;20400;8500;11900;58,33;Efectivo;Completada
1465;10-03-2024;7:48;Sucursal D;206;Lacteos;Queso Fresco;3;4500;13500;7500;6000;44,44;Tarjeta;Completada
1466;05-03-2024;21:35;Sucursal C;201;Lacteos;Leche Entera;26;1500;39000;20800;18200;46,67;Tarjeta;Completada
1467;25-05-2024;10:34;Sucursal C;201;Lacteos;Leche Entera;43;1500;64500;34400;30100;46,67;Efectivo;Completada
1468;14-01-2024;14:58;Sucursal E;202;Panaderia;Pan Integral;4;2500;10000;4800;5200;52;Tarjeta;Completada
1469;25-06-2024;11:26;Sucursal C;208;Lacteos;Mantequilla;1;3500;3500;1800;1700;48,57;Tarjeta;Completada
1470;04-03-2024;17:42;Sucursal C;203;Bebidas;Jugo Naranja;12;2000;24000;10800;13200;55;Transferencia;Completada
1471;20-06-2024;9:56;Sucursal B;207;Bebidas;Cafe Molido;22;5500;121000;66000;55000;45,45;Tarjeta;Completada
1472;28-04-2024;13:18;Sucursal B;203;Bebidas;Jugo Naranja;16;2000;32000;14400;17600;55;Tarjeta;Completada
1473;12-03-2024;20:52;Sucursal A;201;Lacteos;Leche Entera;12;1500;18000;9600;8400;46,67;Efectivo;Completada
1474;24-05-2024;15:27;Sucursal A;206;Lacteos;Queso Fresco;5;4500;22500;12500;10000;44,44;Tarjeta;Completada
1475;28-02-2024;15:18;Sucursal B;201;Lacteos;Leche Entera;48;1500;72000;38400;33600;46,67;Tarjeta;Completada
1476;16-02-2024;19:19;Sucursal D;207;Bebidas;Cafe Molido;33;5500;181500;99000;82500;45,45;Tarjeta;Completada
1477;14-01-2024;14:19;Sucursal C;207;Bebidas;Cafe Molido;29;5500;159500;87000;72500;45,45;Efectivo;Completada
1478;14-04-2024;16:16;Sucursal B;209;Bebidas;Te Premium;29;4000;116000;58000;58000;50;Efectivo;Completada
1479;04-06-2024;16:19;Sucursal E;209;Bebidas;Te Premium;18;4000;72000;36000;36000;50;Tarjeta;Completada
1480;11-03-2024;15:34;Sucursal B;203;Bebidas;Jugo Naranja;34;2000;68000;30600;37400;55;Efectivo;Completada
1481;14-03-2024;13:38;Sucursal B;206;Lacteos;Queso Fresco;43;4500;193500;107500;86000;44,44;Efectivo;Completada
1482;20-01-2024;9:19;Sucursal D;209;Bebidas;Te Premium;44;4000;176000;88000;88000;50;Efectivo;Completada
1483;22-02-2024;21:26;Sucursal C;202;Panaderia;Pan Integral;6;2500;15000;7200;7800;52;Tarjeta;Completada
1484;17-02-2024;17:59;Sucursal A;206;Lacteos;Queso Fresco;36;4500;162000;90000;72000;44,44;Efectivo;Completada
1485;23-03-2024;11:14;Sucursal A;210;Panaderia;Donas Variadas;10;1200;12000;5000;7000;58,33;Efectivo;Completada
1486;28-05-2024;20:24;Sucursal D;208;Lacteos;Mantequilla;34;3500;119000;61200;57800;48,57;Efectivo;Completada
1487;14-02-2024;10:18;Sucursal A;204;Lacteos;Yogurt Natural;9;3000;27000;13500;13500;50;Transferencia;Completada
1488;15-02-2024;8:26;Sucursal A;210;Panaderia;Donas Variadas;10;1200;12000;5000;7000;58,33;Tarjeta;Completada
1489;25-03-2024;21:03;Sucursal D;209;Bebidas;Te Premium;47;4000;188000;94000;94000;50;Tarjeta;Completada
1490;02-06-2024;17:56;Sucursal D;203;Bebidas;Jugo Naranja;17;2000;34000;15300;18700;55;Tarjeta;Completada
1491;16-06-2024;21:31;Sucursal A;207;Bebidas;Cafe Molido;23;5500;126500;69000;57500;45,45;Transferencia;Completada
1492;19-04-2024;8:39;Sucursal C;205;Panaderia;Croissant Chocolate;48;1800;86400;33600;52800;61,11;Efectivo;Completada
1493;02-03-2024;8:29;Sucursal A;210;Panaderia;Donas Variadas;11;1200;13200;5500;7700;58,33;Transferencia;Completada
1494;07-02-2024;14:45;Sucursal D;203;Bebidas;Jugo Naranja;13;2000;26000;11700;14300;55;Efectivo;Completada
1495;29-04-2024;16:16;Sucursal C;208;Lacteos;Mantequilla;46;3500;161000;82800;78200;48,57;Transferencia;Completada
1496;29-03-2024;7:53;Sucursal A;207;Bebidas;Cafe Molido;28;5500;154000;84000;70000;45,45;Transferencia;Completada
1497;25-03-2024;17:59;Sucursal E;202;Panaderia;Pan Integral;43;2500;107500;51600;55900;52;Tarjeta;Completada
1498;23-04-2024;8:21;Sucursal D;205;Panaderia;Croissant Chocolate;18;1800;32400;12600;19800;61,11;Tarjeta;Completada
1499;04-01-2024;12:23;Sucursal E;206;Lacteos;Queso Fresco;43;4500;193500;107500;86000;44,44;Transferencia;Completada
1500;24-02-2024;12:37;Sucursal B;203;Bebidas;Jugo Naranja;1;2000;2000;900;1100;55;Efectivo;Completada
1501;01-04-2024;9:44;Sucursal B;205;Panaderia;Croissant Chocolate;7;1800;12600;4900;7700;61,11;Tarjeta;Completada
